<?xml version="1.0" encoding="UTF-8"?>
<project-private xmlns="http://www.netbeans.org/ns/project-private/1">
    <editor-bookmarks xmlns="http://www.netbeans.org/ns/editor-bookmarks/2" lastBookmarkId="0"/>
    <open-files xmlns="http://www.netbeans.org/ns/projectui-open-files/2">
        <group>
            <file>file:/C:/Users/latis/OneDrive/Documents/NetBeansProjects/Hotel%20Managmnet%20System/src/AdminPage.java</file>
            <file>file:/C:/Users/latis/OneDrive/Documents/NetBeansProjects/Hotel%20Managmnet%20System/src/CustomerDetailsBill.java</file>
            <file>file:/C:/Users/latis/OneDrive/Documents/NetBeansProjects/Hotel%20Managmnet%20System/src/Project/Tables.java</file>
            <file>file:/C:/Users/latis/OneDrive/Documents/NetBeansProjects/Hotel%20Managmnet%20System/src/Login.java</file>
            <file>file:/C:/Users/latis/OneDrive/Documents/NetBeansProjects/Hotel%20Managmnet%20System/src/Home.java</file>
            <file>file:/C:/Users/latis/OneDrive/Documents/NetBeansProjects/Hotel%20Managmnet%20System/src/ForgotPassword.java</file>
            <file>file:/C:/Users/latis/OneDrive/Documents/NetBeansProjects/Hotel%20Managmnet%20System/src/Signup.java</file>
            <file>file:/C:/Users/latis/OneDrive/Documents/NetBeansProjects/Hotel%20Managmnet%20System/src/ManageRoom.java</file>
            <file>file:/C:/Users/latis/OneDrive/Documents/NetBeansProjects/Hotel%20Managmnet%20System/src/CustomerCheckIn.java</file>
            <file>file:/C:/Users/latis/OneDrive/Documents/NetBeansProjects/Hotel%20Managmnet%20System/src/Project/InsertUpdateDelete.java</file>
            <file>file:/C:/Users/latis/OneDrive/Documents/NetBeansProjects/Hotel%20Managmnet%20System/src/Project/Select.java</file>
            <file>file:/C:/Users/latis/OneDrive/Documents/NetBeansProjects/Hotel%20Managmnet%20System/src/CustomerCheckOut.java</file>
        </group>
    </open-files>
</project-private>
